id	pays_id	annee	population
1	1	1960	354531754
2	2	1960	406731754
3	3	1960	263140292
4	4	1960	9128824
5	5	1960	7829246
6	6	1960	9637840
7	7	1960	4565455
8	8	1960	55257088
9	9	1960	1206362
10	10	1960	2835500
11	11	1960	8300399
12	12	1960	30327000
13	13	1960	0
14	14	1960	4127422
15	15	1960	50025500
16	16	1960	572000
17	17	1960	2104128
18	18	1960	2755600
19	19	1960	313050
20	20	1960	9961044
21	21	1960	327200
22	22	1960	11417254
23	23	1960	7030385
24	24	1960	29479900
25	25	1960	8826040
26	26	1960	18319210
27	27	1960	1580535
28	28	1960	3969682
29	29	1960	4413046
30	30	1960	7471345
31	31	1960	52200000
32	32	1960	173855
33	33	1960	3567707
34	34	1960	0
35	35	1960	1384451
36	36	1960	1583800
37	37	1960	0
38	38	1960	27119962
39	39	1960	3212349
40	40	1960	932500
41	41	1960	0
42	42	1960	0
43	43	1960	0
44	1	1961	357404302
45	2	1961	410004302
46	3	1961	265392392
47	4	1961	9178154
48	5	1961	7905502
49	6	1961	9566172
50	7	1961	4593750
51	8	1961	55958321
52	9	1961	1216712
53	10	1961	2821700
54	11	1961	8363050
55	12	1961	30583000
56	13	1961	0
57	14	1961	4152939
58	15	1961	50373900
59	16	1961	573566
60	17	1961	2137830
61	18	1961	2801500
62	19	1961	314889
63	20	1961	10005980
64	21	1961	325900
65	22	1961	11556008
66	23	1961	7064693
67	24	1961	29795000
68	25	1961	8889392
69	26	1961	18494600
70	27	1961	1588904
71	28	1961	4166507
72	29	1961	4446222
73	30	1961	7497967
74	31	1961	52600000
75	32	1961	177292
76	33	1961	3594771
77	34	1961	0
78	35	1961	1399403
79	36	1961	1633800
80	37	1961	0
81	38	1961	27755078
82	39	1961	3265629
83	40	1961	958000
84	41	1961	0
85	42	1961	0
86	43	1961	0
87	1	1962	360431043
88	2	1962	413431043
89	3	1962	267691048
90	4	1962	9189741
91	5	1962	7980734
92	6	1962	9607129
93	7	1962	4629624
94	8	1962	56589148
95	9	1962	1233441
96	10	1962	2827100
97	11	1962	8433050
98	12	1962	30895500
99	13	1962	0
100	14	1962	4181645
101	15	1962	50698800
102	16	1962	575900
103	17	1962	2167531
104	18	1962	2845600
105	19	1962	318800
106	20	1962	10049935
107	21	1962	324600
108	22	1962	11721416
109	23	1962	7107904
110	24	1962	30133000
111	25	1962	8969240
112	26	1962	18615900
113	27	1962	1599357
114	28	1962	4216827
115	29	1962	4475787
116	30	1962	7542028
117	31	1962	53000000
118	32	1962	180765
119	33	1962	3624829
120	34	1962	0
121	35	1962	1417200
122	36	1962	1685800
123	37	1962	0
124	38	1962	28435197
125	39	1962	3329909
126	40	1962	984500
127	41	1962	0
128	42	1962	0
129	43	1962	0
130	1	1963	364153147
131	2	1963	417653147
132	3	1963	270714128
133	4	1963	9251414
134	5	1963	8045158
135	6	1963	9642191
136	7	1963	4665829
137	8	1963	57247246
138	9	1963	1249804
139	10	1963	2845000
140	11	1963	8463416
141	12	1963	31151231
142	13	1963	0
143	14	1963	4211778
144	15	1963	51060100
145	16	1963	578900
146	17	1963	2195640
147	18	1963	2881100
148	19	1963	322700
149	20	1963	10071715
150	21	1963	323200
151	22	1963	11889962
152	23	1963	7151824
153	24	1963	30484000
154	25	1963	9018730
155	26	1963	18737200
156	27	1963	1607941
157	28	1963	4259549
158	29	1963	4507098
159	30	1963	7581148
160	31	1963	53500000
161	32	1963	183991
162	33	1963	3653006
163	34	1963	0
164	35	1963	1438342
165	36	1963	1736838
166	37	1963	0
167	38	1963	29162545
168	39	1963	3406130
169	40	1963	1009000
170	41	1963	0
171	42	1963	0
172	43	1963	0
173	1	1964	367355615
174	2	1964	421155615
175	3	1964	273072410
176	4	1964	9328126
177	5	1964	8111132
178	6	1964	9699179
179	7	1964	4703136
180	8	1964	57864509
181	9	1964	1267910
182	10	1964	2860300
183	11	1964	8495834
184	12	1964	31442070
185	13	1964	0
186	14	1964	4239572
187	15	1964	51443900
188	16	1964	585500
189	17	1964	2226198
190	18	1964	2916800
191	19	1964	325500
192	20	1964	10104179
193	21	1964	321900
194	22	1964	12041970
195	23	1964	7199798
196	24	1964	30940000
197	25	1964	9041980
198	26	1964	18858500
199	27	1964	1626000
200	28	1964	4304484
201	29	1964	4539519
202	30	1964	7627507
203	31	1964	53800000
204	32	1964	187314
205	33	1964	3680068
206	34	1964	0
207	35	1964	1461522
208	36	1964	1788404
209	37	1964	0
210	38	1964	29939582
211	39	1964	3480448
212	40	1964	1033500
213	41	1964	0
214	42	1964	0
215	43	1964	0
216	1	1965	370521157
217	2	1965	424721157
218	3	1965	275430651
219	4	1965	9428100
220	5	1965	8177547
221	6	1965	9756429
222	7	1965	4741008
223	8	1965	58587451
224	9	1965	1286262
225	10	1965	2872800
226	11	1965	8525024
227	12	1965	31776320
228	13	1965	0
229	14	1965	4266180
230	15	1965	51906800
231	16	1965	588400
232	17	1965	2255048
233	18	1965	2953600
234	19	1965	330000
235	20	1965	10135490
236	21	1965	320600
237	22	1965	12212269
238	23	1965	7247804
239	24	1965	31338900
240	25	1965	9028750
241	26	1965	18979752
242	27	1965	1638227
243	28	1965	4350198
244	29	1965	4557567
245	30	1965	7695200
246	31	1965	54200000
247	32	1965	190652
248	33	1965	3708609
249	34	1965	0
250	35	1965	1486469
251	36	1965	1839866
252	37	1965	0
253	38	1965	30769013
254	39	1965	3553053
255	40	1965	1060500
256	41	1965	0
257	42	1965	0
258	43	1965	0
259	1	1966	373443503
260	2	1966	427939603
261	3	1966	277770462
262	4	1966	9499234
263	5	1966	8230788
264	6	1966	9802287
265	7	1966	4777015
266	8	1966	59296591
267	9	1966	1302870
268	10	1966	2881800
269	11	1966	8575642
270	12	1966	32132264
271	13	1966	0
272	14	1966	4295665
273	15	1966	52317900
274	16	1966	593200
275	17	1966	2276789
276	18	1966	2989300
277	19	1966	333000
278	20	1966	10160380
279	21	1966	317000
280	22	1966	12377194
281	23	1966	7293973
282	24	1966	31551000
283	25	1966	8968440
284	26	1966	19083400
285	27	1966	1660092
286	28	1966	4391768
287	29	1966	4569896
288	30	1966	7772506
289	31	1966	54496100
290	32	1966	193919
291	33	1966	3737726
292	34	1966	0
293	35	1966	1512988
294	36	1966	1889715
295	37	1966	0
296	38	1966	31499416
297	39	1966	3627922
298	40	1966	1088000
299	41	1966	0
300	42	1966	0
301	43	1966	0
302	1	1967	376321214
303	2	1967	431122114
304	3	1967	279854101
305	4	1967	9556380
306	5	1967	8285325
307	6	1967	9839792
308	7	1967	4817746
309	8	1967	59792934
310	9	1967	1314323
311	10	1967	2895800
312	11	1967	8651660
313	12	1967	32434123
314	13	1967	0
315	14	1967	4325736
316	15	1967	52720100
317	16	1967	597100
318	17	1967	2289645
319	18	1967	3026800
320	19	1967	334790
321	20	1967	10196926
322	21	1967	313400
323	22	1967	12535307
324	23	1967	7350159
325	24	1967	31811000
326	25	1967	8893540
327	26	1967	19347500
328	27	1967	1679717
329	28	1967	4431564
330	29	1967	4591842
331	30	1967	7843088
332	31	1967	54800900
333	32	1967	197221
334	33	1967	3768298
335	34	1967	0
336	35	1967	1538694
337	36	1967	1939430
338	37	1967	0
339	38	1967	32273630
340	39	1967	3700916
341	40	1967	1116000
342	41	1967	0
343	42	1967	0
344	43	1967	0
345	1	1968	379076041
346	2	1968	434162341
347	3	1968	281656968
348	4	1968	9605601
349	5	1968	8335126
350	6	1968	9866006
351	7	1968	4852962
352	8	1968	59948474
353	9	1968	1323569
354	10	1968	2909100
355	11	1968	8716516
356	12	1968	32931771
357	13	1968	0
358	14	1968	4351629
359	15	1968	53080900
360	16	1968	601800
361	17	1968	2312795
362	18	1968	3062000
363	19	1968	335200
364	20	1968	10236282
365	21	1968	309700
366	22	1968	12661095
367	23	1968	7403837
368	24	1968	32163310
369	25	1968	8855500
370	26	1968	19720984
371	27	1968	1699339
372	28	1968	4467170
373	29	1968	4619645
374	30	1968	7892774
375	31	1968	55086300
376	32	1968	200281
377	33	1968	3800780
378	34	1968	0
379	35	1968	1562211
380	36	1968	1991765
381	37	1968	0
382	38	1968	33093700
383	39	1968	3767185
384	40	1968	1145000
385	41	1968	0
386	42	1968	0
387	43	1968	0
388	1	1969	381626236
389	2	1969	436963336
390	3	1969	283567243
391	4	1969	9631910
392	5	1969	8404080
393	6	1969	9886686
394	7	1969	4876803
395	8	1969	60463033
396	9	1969	1338858
397	10	1969	2922000
398	11	1969	8765014
399	12	1969	33294497
400	13	1969	0
401	14	1969	4379627
402	15	1969	53390600
403	16	1969	606800
404	17	1969	2334443
405	18	1969	3095700
406	19	1969	336500
407	20	1969	10275347
408	21	1969	306100
409	22	1969	12798346
410	23	1969	7426968
411	24	1969	32426000
412	25	1969	8817800
413	26	1969	19878678
414	27	1969	1709752
415	28	1969	4500659
416	29	1969	4633292
417	30	1969	7931772
418	31	1969	55337100
419	32	1969	202695
420	33	1969	3832192
421	34	1969	0
422	35	1969	1589217
423	36	1969	2052778
424	37	1969	0
425	38	1969	33961875
426	39	1969	3734546
427	40	1969	1174000
428	41	1969	0
429	42	1969	0
430	43	1969	0
431	1	1970	384326562
432	2	1970	439872962
433	3	1970	285508883
434	4	1970	9660154
435	5	1970	8464264
436	6	1970	9906474
437	7	1970	4906916
438	8	1970	61194591
439	9	1970	1351640
440	10	1970	2943300
441	11	1970	8780514
442	12	1970	33587610
443	13	1970	0
444	14	1970	4403352
445	15	1970	53685300
446	16	1970	612000
447	17	1970	2351903
448	18	1970	3118941
449	19	1970	338507
450	20	1970	10322099
451	21	1970	302500
452	22	1970	12957621
453	23	1970	7455142
454	24	1970	32670600
455	25	1970	8697610
456	26	1970	20139603
457	27	1970	1717995
458	28	1970	4536555
459	29	1970	4614277
460	30	1970	8004371
461	31	1970	55546400
462	32	1970	204042
463	33	1970	3863221
464	34	1970	0
465	35	1970	1616769
466	36	1970	2110612
467	37	1970	0
468	38	1970	34880611
469	39	1970	3685694
470	40	1970	1204500
471	41	1970	0
472	42	1970	0
473	43	1970	0
474	1	1971	385949080
475	2	1971	441729180
476	3	1971	286798638
477	4	1971	9650944
478	5	1971	8514883
479	6	1971	9809667
480	7	1971	4950598
481	8	1971	61001164
482	9	1971	1368511
483	10	1971	2971200
484	11	1971	8805098
485	12	1971	34040642
486	13	1971	0
487	14	1971	4421151
488	15	1971	53958400
489	16	1971	616900
490	17	1971	2366424
491	18	1971	3160437
492	19	1971	339841
493	20	1971	10353721
494	21	1971	302800
495	22	1971	13119430
496	23	1971	7479030
497	24	1971	32658000
498	25	1971	8663252
499	26	1971	20361192
500	27	1971	1731787
501	28	1971	4539890
502	29	1971	4598336
503	30	1971	8081230
504	31	1971	55780100
505	32	1971	204834
506	33	1971	3888305
507	34	1971	0
508	35	1971	1641353
509	36	1971	2160345
510	37	1971	0
511	38	1971	35707058
512	39	1971	3731216
513	40	1971	1237000
514	41	1971	0
515	42	1971	0
516	43	1971	0
517	1	1972	388592631
518	2	1972	444604976
519	3	1972	288805979
520	4	1972	9695379
521	5	1972	8557906
522	6	1972	9843962
523	7	1972	4975653
524	8	1972	61502503
525	9	1972	1385399
526	10	1972	3012900
527	11	1972	8856974
528	12	1972	34408338
529	13	1972	0
530	14	1972	4441399
531	15	1972	54188579
532	16	1972	623100
533	17	1972	2386353
534	18	1972	3197645
535	19	1972	345000
536	20	1972	10381352
537	21	1972	302600
538	22	1972	13269563
539	23	1972	7521933
540	24	1972	32909000
541	25	1972	8624260
542	26	1972	20561942
543	27	1972	1744882
544	28	1972	4575007
545	29	1972	4625912
546	30	1972	8115438
547	31	1972	56012345
548	32	1972	207361
549	33	1972	3917773
550	34	1972	0
551	35	1972	1666798
552	36	1972	2215361
553	37	1972	0
554	38	1972	36582215
555	39	1972	3789131
556	40	1972	1272500
557	41	1972	0
558	42	1972	0
559	43	1972	0
560	1	1973	391211759
561	2	1973	447371544
562	3	1973	290757638
563	4	1973	9726850
564	5	1973	8594493
565	6	1973	9891302
566	7	1973	5007538
567	8	1973	61809358
568	9	1973	1399637
569	10	1973	3060800
570	11	1973	8920282
571	12	1973	34800600
572	13	1973	0
573	14	1973	4459729
574	15	1973	54574111
575	16	1973	631778
576	17	1973	2404995
577	18	1973	3229598
578	19	1973	348200
579	20	1973	10415626
580	21	1973	302300
581	22	1973	13387623
582	23	1973	7566469
583	24	1973	33202300
584	25	1973	8636600
585	26	1973	20753972
586	27	1973	1759584
587	28	1973	4618236
588	29	1973	4653401
589	30	1973	8129161
590	31	1973	56159785
591	32	1973	210912
592	33	1973	3948234
593	34	1973	0
594	35	1973	1692113
595	36	1973	2270891
596	37	1973	0
597	38	1973	37508880
598	39	1973	3845048
599	40	1973	1310000
600	41	1973	0
601	42	1973	0
602	43	1973	0
603	1	1974	393658199
604	2	1974	449887467
605	3	1974	292519316
606	4	1974	9756590
607	5	1974	8647440
608	6	1974	9953230
609	7	1974	5036184
610	8	1974	62101379
611	9	1974	1412265
612	10	1974	3111100
613	11	1974	8937890
614	12	1974	35177294
615	13	1974	0
616	14	1974	4480592
617	15	1974	54928700
618	16	1974	637800
619	17	1974	2426642
620	18	1974	3259277
621	19	1974	352700
622	20	1974	10448484
623	21	1974	302100
624	22	1974	13491020
625	23	1974	7605760
626	24	1974	33512100
627	25	1974	8629600
628	26	1974	20917390
629	27	1974	1773809
630	28	1974	4664653
631	29	1974	4678761
632	30	1974	8143463
633	31	1974	56229268
634	32	1974	213722
635	33	1974	3972990
636	34	1974	0
637	35	1974	1717090
638	36	1974	2322613
639	37	1974	0
640	38	1974	38490106
641	39	1974	3898064
642	40	1974	1348000
643	41	1974	0
644	42	1974	0
645	43	1974	0
646	1	1975	395835667
647	2	1975	452066347
648	3	1975	293874224
649	4	1975	9788248
650	5	1975	8710049
651	6	1975	10023688
652	7	1975	5054410
653	8	1975	61991475
654	9	1975	1424073
655	10	1975	3163900
656	11	1975	8986153
657	12	1975	35569375
658	13	1975	0
659	14	1975	4500727
660	15	1975	55293036
661	16	1975	505700
662	17	1975	2447730
663	18	1975	3288510
664	19	1975	357400
665	20	1975	10508956
666	21	1975	301892
667	22	1975	13599092
668	23	1975	7592316
669	24	1975	33845698
670	25	1975	8879130
671	26	1975	21141468
672	27	1975	1778454
673	28	1975	4714593
674	29	1975	4702387
675	30	1975	8176447
676	31	1975	56230680
677	32	1975	216695
678	33	1975	3997525
679	34	1975	0
680	35	1975	1742780
681	36	1975	2377635
682	37	1975	0
683	38	1975	39529218
684	39	1975	3950628
685	40	1975	1386500
686	41	1975	0
687	42	1975	0
688	43	1975	0
689	1	1976	398037111
690	2	1976	454258031
691	3	1976	295212458
692	4	1976	9813152
693	5	1976	8731434
694	6	1976	10093551
695	7	1976	5065313
696	8	1976	61644624
697	9	1976	1434630
698	10	1976	3215200
699	11	1976	9106928
700	12	1976	35946425
701	13	1976	0
702	14	1976	4523436
703	15	1976	55588966
704	16	1976	497879
705	17	1976	2464529
706	18	1976	3314794
707	19	1976	360500
708	20	1976	10572094
709	21	1976	306551
710	22	1976	13733578
711	23	1976	7565489
712	24	1976	34184700
713	25	1976	9307810
714	26	1976	21445698
715	27	1976	1808707
716	28	1976	4763617
717	29	1976	4720492
718	30	1976	8208427
719	31	1976	56220920
720	32	1976	219262
721	33	1976	4017101
722	34	1976	0
723	35	1976	1769890
724	36	1976	2432027
725	37	1976	0
726	38	1976	40281507
727	39	1976	4004830
728	40	1976	1426000
729	41	1976	0
730	42	1976	0
731	43	1976	0
732	1	1977	399967581
733	2	1977	456170597
734	3	1977	296348308
735	4	1977	9823302
736	5	1977	8785763
737	6	1977	10158327
738	7	1977	5079879
739	8	1977	61441996
740	9	1977	1444522
741	10	1977	3260900
742	11	1977	9269372
743	12	1977	36329199
744	13	1977	0
745	14	1977	4548432
746	15	1977	55847553
747	16	1977	497600
748	17	1977	2477449
749	18	1977	3342533
750	19	1977	360962
751	20	1977	10625259
752	21	1977	304997
753	22	1977	13814495
754	23	1977	7565561
755	24	1977	34527900
756	25	1977	9403810
757	26	1977	21657569
758	27	1977	1831790
759	28	1977	4815396
760	29	1977	4730836
761	30	1977	8236144
762	31	1977	56203016
763	32	1977	221046
764	33	1977	4035202
765	34	1977	0
766	35	1977	1797145
767	36	1977	2485025
768	37	1977	0
769	38	1977	41102443
770	39	1977	4059247
771	40	1977	1466500
772	41	1977	0
773	42	1977	0
774	43	1977	0
775	1	1978	401903104
776	2	1978	458087072
777	3	1978	297555091
778	4	1978	9837413
779	5	1978	8822602
780	6	1978	10215183
781	7	1978	5096959
782	8	1978	61352745
783	9	1978	1455900
784	10	1978	3303500
785	11	1978	9347586
786	12	1978	36694077
787	13	1978	0
788	14	1978	4570709
789	15	1978	56063269
790	16	1978	498000
791	17	1978	2492697
792	18	1978	3367538
793	19	1978	361753
794	20	1978	10670802
795	21	1978	308942
796	22	1978	13897874
797	23	1978	7571299
798	24	1978	34850200
799	25	1978	9507540
800	26	1978	21854622
801	27	1978	1852963
802	28	1978	4865605
803	29	1978	4746967
804	30	1978	8266936
805	31	1978	56183968
806	32	1978	222552
807	33	1978	4051208
808	34	1978	0
809	35	1978	1823151
810	36	1978	2542066
811	37	1978	0
812	38	1978	41996129
813	39	1978	4110203
814	40	1978	1506500
815	41	1978	0
816	42	1978	0
817	43	1978	0
818	1	1979	403662165
819	2	1979	459871204
820	3	1979	298772287
821	4	1979	9841654
822	5	1979	8805462
823	6	1979	10269012
824	7	1979	5111537
825	8	1979	61321663
826	9	1979	1464476
827	10	1979	3354700
828	11	1979	9512332
829	12	1979	37035719
830	13	1979	0
831	14	1979	4591460
832	15	1979	56247017
833	16	1979	501300
834	17	1979	2503145
835	18	1979	3391490
836	19	1979	362261
837	20	1979	10698841
838	21	1979	311421
839	22	1979	13985526
840	23	1979	7553310
841	24	1979	35081000
842	25	1979	9608960
843	26	1979	22048305
844	27	1979	1872133
845	28	1979	4914644
846	29	1979	4758088
847	30	1979	8284261
848	31	1979	56209039
849	32	1979	224522
850	33	1979	4066134
851	34	1979	0
852	35	1979	1849388
853	36	1979	2590466
854	37	1979	0
855	38	1979	42967253
856	39	1979	4157746
857	40	1979	1546000
858	41	1979	0
859	42	1979	0
860	43	1979	0
861	1	1980	405466907
862	2	1980	461751770
863	3	1980	300026000
864	4	1980	9855110
865	5	1980	8846417
866	6	1980	10315669
867	7	1980	5122065
868	8	1980	61439338
869	9	1980	1472190
870	10	1980	3392800
871	11	1980	9584184
872	12	1980	37346940
873	13	1980	0
874	14	1980	4598095
875	15	1980	56388480
876	16	1980	505800
877	17	1980	2508761
878	18	1980	3404194
879	19	1980	363450
880	20	1980	10709463
881	21	1980	315262
882	22	1980	14091014
883	23	1980	7545539
884	24	1980	35413434
885	25	1980	9713570
886	26	1980	22132670
887	27	1980	1893064
888	28	1980	4963301
889	29	1980	4771292
890	30	1980	8303094
891	31	1980	56284863
892	32	1980	226948
893	33	1980	4078900
894	34	1980	0
895	35	1980	1878067
896	36	1980	2645198
897	37	1980	0
898	38	1980	44021146
899	39	1980	4136941
900	40	1980	1560500
901	41	1980	0
902	42	1980	0
903	43	1980	0
904	1	1981	407369042
905	2	1981	463712611
906	3	1981	301426708
907	4	1981	9863374
908	5	1981	8876652
909	6	1981	10292717
910	7	1981	5123989
911	8	1981	61657952
912	9	1981	1482247
913	10	1981	3432800
914	11	1981	9700826
915	12	1981	37635389
916	13	1981	0
917	14	1981	4601469
918	15	1981	56479285
919	16	1981	512300
920	17	1981	2514640
921	18	1981	3422210
922	19	1981	364850
923	20	1981	10712781
924	21	1981	318028
925	22	1981	14208586
926	23	1981	7553326
927	24	1981	35734865
928	25	1981	9819054
929	26	1981	22281894
930	27	1981	1909566
931	28	1981	4996329
932	29	1981	4787778
933	30	1981	8317967
934	31	1981	56343569
935	32	1981	229327
936	33	1981	4092340
937	34	1981	0
938	35	1981	1904570
939	36	1981	2698795
940	37	1981	0
941	38	1981	45023450
942	39	1981	4114030
943	40	1981	1575000
944	41	1981	0
945	42	1981	0
946	43	1981	0
947	1	1982	408894651
948	2	1982	465218739
949	3	1982	302419395
950	4	1982	9854589
951	5	1982	8905581
952	6	1982	10308465
953	7	1982	5119155
954	8	1982	61712689
955	9	1982	1493085
956	10	1982	3473200
957	11	1982	9757874
958	12	1982	37881873
959	13	1982	55583694
960	14	1982	4621548
961	15	1982	56524064
962	16	1982	522845
963	17	1982	2524202
964	18	1982	3443684
965	19	1982	365600
966	20	1982	10710914
967	21	1982	319936
968	22	1982	14285829
969	23	1982	7584094
970	24	1982	36062309
971	25	1982	9883670
972	26	1982	22424246
973	27	1982	1903495
974	28	1982	5035881
975	29	1982	4812150
976	30	1982	8323038
977	31	1982	56324088
978	32	1982	232182
979	33	1982	4107063
980	34	1982	0
981	35	1982	1928856
982	36	1982	2753316
983	37	1982	0
984	38	1982	46085508
985	39	1982	4158361
986	40	1982	1612000
987	41	1982	0
988	42	1982	0
989	43	1982	0
990	1	1983	410107692
991	2	1983	466410886
992	3	1983	303140259
993	4	1983	9858017
994	5	1983	8929332
995	6	1983	10321186
996	7	1983	5116464
997	8	1983	61546101
998	9	1983	1503743
999	10	1983	3498400
1000	11	1983	9821152
1001	12	1983	38090151
1002	13	1983	55918081
1003	14	1983	4646921
1004	15	1983	56563031
1005	16	1983	524623
1006	17	1983	2537958
1007	18	1983	3470673
1008	19	1983	365450
1009	20	1983	10700155
1010	21	1983	331859
1011	22	1983	14339551
1012	23	1983	7564185
1013	24	1983	36398652
1014	25	1983	9939871
1015	26	1983	22527235
1016	27	1983	1917173
1017	28	1983	5074316
1018	29	1983	4841715
1019	30	1983	8327488
1020	31	1983	56303194
1021	32	1983	235537
1022	33	1983	4122511
1023	34	1983	0
1024	35	1983	1954972
1025	36	1983	2815239
1026	37	1983	0
1027	38	1983	47210448
1028	39	1983	4203208
1029	40	1983	1646500
1030	41	1983	0
1031	42	1983	0
1032	43	1983	0
1033	1	1984	411006427
1034	2	1984	467368929
1035	3	1984	303600009
1036	4	1984	9853023
1037	5	1984	8950144
1038	6	1984	10326526
1039	7	1984	5112130
1040	8	1984	61306669
1041	9	1984	1513747
1042	10	1984	3522800
1043	11	1984	9872102
1044	12	1984	38252899
1045	13	1984	56180589
1046	14	1984	4669587
1047	15	1984	56565117
1048	16	1984	531518
1049	17	1984	2554063
1050	18	1984	3499711
1051	19	1984	365794
1052	20	1984	10678770
1053	21	1984	329189
1054	22	1984	14394589
1055	23	1984	7559635
1056	24	1984	36744964
1057	25	1984	9975859
1058	26	1984	22593720
1059	27	1984	1927469
1060	28	1984	5109626
1061	29	1984	4869858
1062	30	1984	8330577
1063	31	1984	56362502
1064	32	1984	238416
1065	33	1984	4134353
1066	34	1984	0
1067	35	1984	1980139
1068	36	1984	2872681
1069	37	1984	0
1070	38	1984	48401689
1071	39	1984	4248746
1072	40	1984	1681500
1073	41	1984	0
1074	42	1984	0
1075	43	1984	0
1076	1	1985	411907502
1077	2	1985	468389143
1078	3	1985	304049567
1079	4	1985	9857721
1080	5	1985	8971214
1081	6	1985	10333900
1082	7	1985	5111108
1083	8	1985	61049256
1084	9	1985	1523486
1085	10	1985	3542046
1086	11	1985	9919500
1087	12	1985	38407829
1088	13	1985	56461236
1089	14	1985	4690983
1090	15	1985	56588319
1091	16	1985	538397
1092	17	1985	2570030
1093	18	1985	3528698
1094	19	1985	366202
1095	20	1985	10657420
1096	21	1985	331997
1097	22	1985	14453833
1098	23	1985	7563233
1099	24	1985	37063303
1100	25	1985	10016605
1101	26	1985	22687374
1102	27	1985	1936839
1103	28	1985	5144568
1104	29	1985	4893748
1105	30	1985	8342633
1106	31	1985	56481641
1107	32	1985	240606
1108	33	1985	4145845
1109	34	1985	0
1110	35	1985	2004709
1111	36	1985	2936177
1112	37	1985	0
1113	38	1985	49662958
1114	39	1985	4293863
1115	40	1985	1717000
1116	41	1985	0
1117	42	1985	0
1118	43	1985	0
1119	1	1986	412876239
1120	2	1986	469495134
1121	3	1986	304640663
1122	4	1986	9858895
1123	5	1986	8949880
1124	6	1986	10340335
1125	7	1986	5116273
1126	8	1986	61020474
1127	9	1986	1534076
1128	10	1986	3534117
1129	11	1986	9949100
1130	12	1986	38531195
1131	13	1986	56738825
1132	14	1986	4711852
1133	15	1986	56597823
1134	16	1986	544605
1135	17	1986	2587716
1136	18	1986	3560388
1137	19	1986	367210
1138	20	1986	10640006
1139	21	1986	340907
1140	22	1986	14529430
1141	23	1986	7566736
1142	24	1986	37340467
1143	25	1986	10030621
1144	26	1986	22778624
1145	27	1986	1946442
1146	28	1986	5178967
1147	29	1986	4910664
1148	30	1986	8358139
1149	31	1986	56618895
1150	32	1986	242203
1151	33	1986	4159187
1152	34	1986	0
1153	35	1986	2029175
1154	36	1986	2993347
1155	37	1986	0
1156	38	1986	50695548
1157	39	1986	4337350
1158	40	1986	1754000
1159	41	1986	0
1160	42	1986	0
1161	43	1986	0
1162	1	1987	414088076
1163	2	1987	470831973
1164	3	1987	305452191
1165	4	1987	9864751
1166	5	1987	8966462
1167	6	1987	10344119
1168	7	1987	5124794
1169	8	1987	61140461
1170	9	1987	1546304
1171	10	1987	3545263
1172	11	1987	9985326
1173	12	1987	38638052
1174	13	1987	57033941
1175	14	1987	4731041
1176	15	1987	56594487
1177	16	1987	550888
1178	17	1987	2612068
1179	18	1987	3597439
1180	19	1987	369500
1181	20	1987	10621121
1182	21	1987	343334
1183	22	1987	14615125
1184	23	1987	7572852
1185	24	1987	37571771
1186	25	1987	10034846
1187	26	1987	22895058
1188	27	1987	1985486
1189	28	1987	5208708
1190	29	1987	4925644
1191	30	1987	8381519
1192	31	1987	56743897
1193	32	1987	244157
1194	33	1987	4175521
1195	34	1987	0
1196	35	1987	2052953
1197	36	1987	3051923
1198	37	1987	0
1199	38	1987	51791212
1200	39	1987	4379545
1201	40	1987	1792000
1202	41	1987	0
1203	42	1987	0
1204	43	1987	0
1205	1	1988	415218942
1206	2	1988	472079145
1207	3	1988	306227897
1208	4	1988	9875716
1209	5	1988	8976255
1210	6	1988	10350517
1211	7	1988	5129254
1212	8	1988	61238079
1213	9	1988	1558137
1214	10	1988	3534850
1215	11	1988	10015863
1216	12	1988	38731578
1217	13	1988	57349954
1218	14	1988	4748450
1219	15	1988	56609375
1220	16	1988	556584
1221	17	1988	2641097
1222	18	1988	3635295
1223	19	1988	372000
1224	20	1988	10604360
1225	21	1988	345636
1226	22	1988	14714948
1227	23	1988	7576319
1228	24	1988	37764318
1229	25	1988	10025215
1230	26	1988	23003802
1231	27	1988	1994066
1232	28	1988	5236972
1233	29	1988	4938602
1234	30	1988	8414089
1235	31	1988	56860203
1236	32	1988	247561
1237	33	1988	4198289
1238	34	1988	0
1239	35	1988	2077056
1240	36	1988	3115286
1241	37	1988	0
1242	38	1988	52953586
1243	39	1988	4421373
1244	40	1988	1830500
1245	41	1988	0
1246	42	1988	0
1247	43	1988	0
1248	1	1989	416715205
1249	2	1989	473711655
1250	3	1989	307433114
1251	4	1989	9927612
1252	5	1989	8986636
1253	6	1989	10360034
1254	7	1989	5129778
1255	8	1989	61715103
1256	9	1989	1565662
1257	10	1989	3515048
1258	11	1989	10058103
1259	12	1989	38802300
1260	13	1989	57688189
1261	14	1989	4761965
1262	15	1989	56649201
1263	16	1989	562693
1264	17	1989	2665770
1265	18	1989	3674802
1266	19	1989	374900
1267	20	1989	10588614
1268	21	1989	349014
1269	22	1989	14805240
1270	23	1989	7594315
1271	24	1989	37884655
1272	25	1989	10014005
1273	26	1989	23111521
1274	27	1989	1996325
1275	28	1989	5264220
1276	29	1989	4954359
1277	30	1989	8458888
1278	31	1989	56996450
1279	32	1989	251919
1280	33	1989	4220686
1281	34	1989	0
1282	35	1989	2100246
1283	36	1989	3169386
1284	37	1989	0
1285	38	1989	54186642
1286	39	1989	4461498
1287	40	1989	1869500
1288	41	1989	0
1289	42	1989	0
1290	43	1989	0
1291	1	1990	418030739
1292	2	1990	475187711
1293	3	1990	308841704
1294	4	1990	9947782
1295	5	1990	8767308
1296	6	1990	10362102
1297	7	1990	5135409
1298	8	1990	62679035
1299	9	1990	1570599
1300	10	1990	3506970
1301	11	1990	10120892
1302	12	1990	38853227
1303	13	1990	58029398
1304	14	1990	4772556
1305	15	1990	56694360
1306	16	1990	572655
1307	17	1990	2668140
1308	18	1990	3693708
1309	19	1990	379300
1310	20	1990	10374823
1311	21	1990	352430
1312	22	1990	14892574
1313	23	1990	7644818
1314	24	1990	38038403
1315	25	1990	9995995
1316	26	1990	23211395
1317	27	1990	1996377
1318	28	1990	5287663
1319	29	1990	4974383
1320	30	1990	8527039
1321	31	1990	57156972
1322	32	1990	253785
1323	33	1990	4233116
1324	34	1990	0
1325	35	1990	1873109
1326	36	1990	3254541
1327	37	1990	0
1328	38	1990	55494711
1329	39	1990	4499203
1330	40	1990	1909500
1331	41	1990	0
1332	42	1990	0
1333	43	1990	0
1334	1	1991	419504036
1335	2	1991	476842235
1336	3	1991	310262295
1337	4	1991	9986975
1338	5	1991	8669269
1339	6	1991	10304607
1340	7	1991	5146469
1341	8	1991	79753227
1342	9	1991	1567749
1343	10	1991	3520977
1344	11	1991	10272691
1345	12	1991	38881416
1346	13	1991	58313439
1347	14	1991	4782179
1348	15	1991	56744119
1349	16	1991	587141
1350	17	1991	2658161
1351	18	1991	3701968
1352	19	1991	384400
1353	20	1991	10373153
1354	21	1991	361908
1355	22	1991	15010445
1356	23	1991	7710882
1357	24	1991	38183160
1358	25	1991	9970441
1359	26	1991	23192274
1360	27	1991	1999945
1361	28	1991	5310711
1362	29	1991	4998478
1363	30	1991	8590630
1364	31	1991	57338199
1365	32	1991	255866
1366	33	1991	4249830
1367	34	1991	0
1368	35	1991	1890872
1369	36	1991	3279039
1370	37	1991	0
1371	38	1991	56714051
1372	39	1991	4517921
1373	40	1991	1948500
1374	41	1991	0
1375	42	1991	0
1376	43	1991	0
1377	1	1992	420413536
1378	2	1992	477925130
1379	3	1992	311610504
1380	4	1992	10021997
1381	5	1992	8595465
1382	6	1992	10312548
1383	7	1992	5162126
1384	8	1992	80274564
1385	9	1992	1554878
1386	10	1992	3547492
1387	11	1992	10367163
1388	12	1992	39051336
1389	13	1992	58604851
1390	14	1992	4595865
1391	15	1992	56772923
1392	16	1992	603069
1393	17	1992	2643000
1394	18	1992	3706299
1395	19	1992	389600
1396	20	1992	10373647
1397	21	1992	365781
1398	22	1992	15129150
1399	23	1992	7798899
1400	24	1992	38309226
1401	25	1992	9950029
1402	26	1992	22810035
1403	27	1992	1998912
1404	28	1992	5295877
1405	29	1992	5029002
1406	30	1992	8644120
1407	31	1992	57511594
1408	32	1992	259727
1409	33	1992	4273634
1410	34	1992	0
1411	35	1992	1908941
1412	36	1992	3215038
1413	37	1992	0
1414	38	1992	57835076
1415	39	1992	4386200
1416	40	1992	1986500
1417	41	1992	0
1418	42	1992	0
1419	43	1992	0
1420	1	1993	421912578
1421	2	1993	479561788
1422	3	1993	313111944
1423	4	1993	10068319
1424	5	1993	8484863
1425	6	1993	10325697
1426	7	1993	5180614
1427	8	1993	80974632
1428	9	1993	1511303
1429	10	1993	3569367
1430	11	1993	10430958
1431	12	1993	39264034
1432	13	1993	58885929
1433	14	1993	4555771
1434	15	1993	56821250
1435	16	1993	619231
1436	17	1993	2585675
1437	18	1993	3693929
1438	19	1993	394750
1439	20	1993	10365035
1440	21	1993	369455
1441	22	1993	15239182
1442	23	1993	7882519
1443	24	1993	38418108
1444	25	1993	9954958
1445	26	1993	22778533
1446	27	1993	1994084
1447	28	1993	5314155
1448	29	1993	5054982
1449	30	1993	8692013
1450	31	1993	57649210
1451	32	1993	262386
1452	33	1993	4299167
1453	34	1993	0
1454	35	1993	2061000
1455	36	1993	3239536
1456	37	1993	0
1457	38	1993	58958565
1458	39	1993	4254400
1459	40	1993	2024500
1460	41	1993	0
1461	42	1993	0
1462	43	1993	0
1463	1	1994	423104986
1464	2	1994	480893003
1465	3	1994	314121560
1466	4	1994	10100631
1467	5	1994	8459763
1468	6	1994	10334013
1469	7	1994	5196642
1470	8	1994	81338093
1471	9	1994	1476952
1472	10	1994	3583154
1473	11	1994	10489871
1474	12	1994	39458489
1475	13	1994	59104320
1476	14	1994	4645155
1477	15	1994	56842392
1478	16	1994	632944
1479	17	1994	2540904
1480	18	1994	3671296
1481	19	1994	400200
1482	20	1994	10350010
1483	21	1994	373161
1484	22	1994	15341553
1485	23	1994	7928746
1486	24	1994	38504707
1487	25	1994	9974391
1488	26	1994	22748027
1489	27	1994	1989408
1490	28	1994	5336455
1491	29	1994	5077912
1492	30	1994	8745109
1493	31	1994	57788017
1494	32	1994	265064
1495	33	1994	4324815
1496	34	1994	0
1497	35	1994	1936741
1498	36	1994	3175535
1499	37	1994	0
1500	38	1994	60079060
1501	39	1994	4122700
1502	40	1994	2060000
1503	41	1994	0
1504	42	1994	0
1505	43	1994	0
1506	1	1995	423960534
1507	2	1995	481904006
1508	3	1995	314879272
1509	4	1995	10130574
1510	5	1995	8427418
1511	6	1995	10333161
1512	7	1995	5215718
1513	8	1995	81538603
1514	9	1995	1448075
1515	10	1995	3597617
1516	11	1995	10535973
1517	12	1995	39639726
1518	13	1995	59315139
1519	14	1995	4658893
1520	15	1995	56844408
1521	16	1995	645399
1522	17	1995	2500580
1523	18	1995	3642991
1524	19	1995	405650
1525	20	1995	10336700
1526	21	1995	376433
1527	22	1995	15424122
1528	23	1995	7943489
1529	24	1995	38580597
1530	25	1995	10008659
1531	26	1995	22712394
1532	27	1995	1989477
1533	28	1995	5356207
1534	29	1995	5098754
1535	30	1995	8816381
1536	31	1995	57943472
1537	32	1995	266978
1538	33	1995	4348410
1539	34	1995	633015
1540	35	1995	1957265
1541	36	1995	3200033
1542	37	1995	7625488
1543	38	1995	61203584
1544	39	1995	3990900
1545	40	1995	2095000
1546	41	1995	0
1547	42	1995	0
1548	43	1995	0
1549	1	1996	424641798
1550	2	1996	482736385
1551	3	1996	315679276
1552	4	1996	10143047
1553	5	1996	8384715
1554	6	1996	10321344
1555	7	1996	5251027
1556	8	1996	81817499
1557	9	1996	1425192
1558	10	1996	3620065
1559	11	1996	10588332
1560	12	1996	39808374
1561	13	1996	59522297
1562	14	1996	4581167
1563	15	1996	56844197
1564	16	1996	656333
1565	17	1996	2469531
1566	18	1996	3615212
1567	19	1996	411600
1568	20	1996	10321229
1569	21	1996	378404
1570	22	1996	15493889
1571	23	1996	7953067
1572	24	1996	38609399
1573	25	1996	10043693
1574	26	1996	22656145
1575	27	1996	1990266
1576	28	1996	5367790
1577	29	1996	5116826
1578	30	1996	8837496
1579	31	1996	58094587
1580	32	1996	267958
1581	33	1996	4369957
1582	34	1996	603317
1583	35	1996	1971687
1584	36	1996	3136032
1585	37	1996	7625225
1586	38	1996	62337617
1587	39	1996	3859200
1588	40	1996	2132000
1589	41	1996	4331870
1590	42	1996	50874104
1591	43	1996	4674500
1592	1	1997	425273491
1593	2	1997	483512803
1594	3	1997	316448320
1595	4	1997	10170226
1596	5	1997	8340936
1597	6	1997	10309137
1598	7	1997	5275121
1599	8	1997	82012162
1600	9	1997	1405996
1601	10	1997	3654955
1602	11	1997	10629267
1603	12	1997	39971329
1604	13	1997	59726386
1605	14	1997	4533028
1606	15	1997	56876364
1607	16	1997	666313
1608	17	1997	2444912
1609	18	1997	3588013
1610	19	1997	416850
1611	20	1997	10301247
1612	21	1997	381405
1613	22	1997	15567107
1614	23	1997	7964966
1615	24	1997	38639341
1616	25	1997	10084196
1617	26	1997	22581862
1618	27	1997	1986989
1619	28	1997	5378932
1620	29	1997	5132320
1621	30	1997	8844499
1622	31	1997	58239312
1623	32	1997	269874
1624	33	1997	4392714
1625	34	1997	605611
1626	35	1997	1991398
1627	36	1997	3160530
1628	37	1997	7610362
1629	38	1997	63484661
1630	39	1997	3727439
1631	40	1997	2168500
1632	41	1997	3657900
1633	42	1997	50400041
1634	43	1997	4558400
1635	1	1998	427482962
1636	2	1998	485877558
1637	3	1998	318755544
1638	4	1998	10192264
1639	5	1998	8283200
1640	6	1998	10299125
1641	7	1998	5294860
1642	8	1998	82057379
1643	9	1998	1393074
1644	10	1998	3693386
1645	11	1998	10693250
1646	12	1998	40143449
1647	13	1998	59934884
1648	14	1998	4536812
1649	15	1998	56904379
1650	16	1998	675215
1651	17	1998	2420789
1652	18	1998	3562261
1653	19	1998	422050
1654	20	1998	10279724
1655	21	1998	384176
1656	22	1998	15654192
1657	23	1998	7971116
1658	24	1998	38659979
1659	25	1998	10133758
1660	26	1998	22526093
1661	27	1998	1984923
1662	28	1998	5387650
1663	29	1998	5147349
1664	30	1998	8847625
1665	31	1998	58394596
1666	32	1998	272381
1667	33	1998	4417599
1668	34	1998	607906
1669	35	1998	2002340
1670	36	1998	3096529
1671	37	1998	7582640
1672	38	1998	64641675
1673	39	1998	3549736
1674	40	1998	0
1675	41	1998	3655559
1676	42	1998	49973488
1677	43	1998	4504900
1678	1	1999	427998269
1679	2	1999	486577954
1680	3	1999	319373924
1681	4	1999	10213752
1682	5	1999	8230371
1683	6	1999	10289621
1684	7	1999	5313577
1685	8	1999	82037011
1686	9	1999	1379237
1687	10	1999	3732006
1688	11	1999	10747768
1689	12	1999	40303568
1690	13	1999	60158533
1691	14	1999	4527460
1692	15	1999	56909109
1693	16	1999	682862
1694	17	1999	2399248
1695	18	1999	3536401
1696	19	1999	427350
1697	20	1999	10253416
1698	21	1999	386397
1699	22	1999	15760225
1700	23	1999	7982461
1701	24	1999	38666983
1702	25	1999	10186634
1703	26	1999	22488595
1704	27	1999	1978334
1705	28	1999	5393382
1706	29	1999	5159646
1707	30	1999	8854322
1708	31	1999	58579685
1709	32	1999	275712
1710	33	1999	4445329
1711	34	1999	610201
1712	35	1999	2012705
1713	36	1999	3121027
1714	37	1999	7552850
1715	38	1999	65786563
1716	39	1999	3689018
1717	40	1999	0
1718	41	1999	3649930
1719	42	1999	49544808
1720	43	1999	4469800
1721	1	2000	428473834
1722	2	2000	487259080
1723	3	2000	320375247
1724	4	2000	10239085
1725	5	2000	8190876
1726	6	2000	10278098
1727	7	2000	5330020
1728	8	2000	82163475
1729	9	2000	1401250
1730	10	2000	3777565
1731	11	2000	10775627
1732	12	2000	40470182
1733	13	2000	60545022
1734	14	2000	4497735
1735	15	2000	56923524
1736	16	2000	690497
1737	17	2000	2381715
1738	18	2000	3512074
1739	19	2000	433600
1740	20	2000	10221644
1741	21	2000	388759
1742	22	2000	15863950
1743	23	2000	8002186
1744	24	2000	38263303
1745	25	2000	10249022
1746	26	2000	22455485
1747	27	2000	1987755
1748	28	2000	5398657
1749	29	2000	5171302
1750	30	2000	8861426
1751	31	2000	58785246
1752	32	2000	279049
1753	33	2000	4478497
1754	34	2000	603152
1755	35	2000	2021578
1756	36	2000	3057026
1757	37	2000	7527952
1758	38	2000	66889425
1759	39	2000	3753085
1760	40	2000	0
1761	41	2000	3644070
1762	42	2000	49114950
1763	43	2000	4435200
1764	1	2001	429240746
1765	2	2001	488240527
1766	3	2001	321447131
1767	4	2001	10263414
1768	5	2001	8149468
1769	6	2001	10232027
1770	7	2001	5349212
1771	8	2001	82259540
1772	9	2001	1392720
1773	10	2001	3832783
1774	11	2001	10835989
1775	12	2001	40665545
1776	13	2001	60979315
1777	14	2001	4295406
1778	15	2001	56960692
1779	16	2001	697549
1780	17	2001	2353384
1781	18	2001	3486998
1782	19	2001	439000
1783	20	2001	10200298
1784	21	2001	391415
1785	22	2001	15987075
1786	23	2001	8020946
1787	24	2001	38253955
1788	25	2001	10330774
1789	26	2001	22430457
1790	27	2001	1990094
1791	28	2001	5378783
1792	29	2001	5181115
1793	30	2001	8882792
1794	31	2001	58999781
1795	32	2001	283361
1796	33	2001	4503436
1797	34	2001	605988
1798	35	2001	2031112
1799	36	2001	3063320
1800	37	2001	7504739
1801	38	2001	64729501
1802	39	2001	3789717
1803	40	2001	0
1804	41	2001	3635112
1805	42	2001	48663609
1806	43	2001	4401400
1807	1	2002	429723142
1808	2	2002	488962706
1809	3	2002	322819636
1810	4	2002	10309725
1811	5	2002	7868815
1812	6	2002	10201182
1813	7	2002	5368354
1814	8	2002	82440309
1815	9	2002	1383510
1816	10	2002	3899702
1817	11	2002	10888274
1818	12	2002	41035278
1819	13	2002	61424036
1820	14	2002	4305494
1821	15	2002	56987507
1822	16	2002	705539
1823	17	2002	2320956
1824	18	2002	3454637
1825	19	2002	444050
1826	20	2002	10174853
1827	21	2002	394641
1828	22	2002	16105285
1829	23	2002	8063640
1830	24	2002	38242197
1831	25	2002	10394669
1832	26	2002	21833483
1833	27	2002	1994026
1834	28	2002	5378951
1835	29	2002	5194901
1836	30	2002	8909128
1837	31	2002	59239564
1838	32	2002	286575
1839	33	2002	4524066
1840	34	2002	608460
1841	35	2002	2038651
1842	36	2002	3057018
1843	37	2002	7502126
1844	38	2002	65603160
1845	39	2002	3813167
1846	40	2002	0
1847	41	2002	3627812
1848	42	2002	48240902
1849	43	2002	4371500
1850	1	2003	431190184
1851	2	2003	490691578
1852	3	2003	324573948
1853	4	2003	10355844
1854	5	2003	7805506
1855	6	2003	10192649
1856	7	2003	5383507
1857	8	2003	82536680
1858	9	2003	1375190
1859	10	2003	3964191
1860	11	2003	10915770
1861	12	2003	41827838
1862	13	2003	61864088
1863	14	2003	4305384
1864	15	2003	57130506
1865	16	2003	713720
1866	17	2003	2299390
1867	18	2003	3431497
1868	19	2003	448300
1869	20	2003	10142362
1870	21	2003	397296
1871	22	2003	16192572
1872	23	2003	8100273
1873	24	2003	38218531
1874	25	2003	10444592
1875	26	2003	21627509
1876	27	2003	1995033
1877	28	2003	5374873
1878	29	2003	5206295
1879	30	2003	8940788
1880	31	2003	59501394
1881	32	2003	288471
1882	33	2003	4552252
1883	34	2003	610510
1884	35	2003	2023654
1885	36	2003	3044993
1886	37	2003	7490918
1887	38	2003	66401851
1888	39	2003	3830349
1889	40	2003	1985000
1890	41	2003	3618312
1891	42	2003	47823108
1892	43	2003	4352600
1893	1	2004	432762039
1894	2	2004	492555798
1895	3	2004	326314018
1896	4	2004	10396421
1897	5	2004	7745147
1898	6	2004	10195347
1899	7	2004	5397640
1900	8	2004	82531671
1901	9	2004	1366250
1902	10	2004	4028851
1903	11	2004	10940369
1904	12	2004	42547451
1905	13	2004	62292241
1906	14	2004	4305725
1907	15	2004	57495900
1908	16	2004	722893
1909	17	2004	2276520
1910	18	2004	3398929
1911	19	2004	454960
1912	20	2004	10116742
1913	21	2004	399867
1914	22	2004	16258032
1915	23	2004	8142573
1916	24	2004	38190608
1917	25	2004	10473050
1918	26	2004	21521142
1919	27	2004	1996433
1920	28	2004	5371875
1921	29	2004	5219732
1922	30	2004	8975670
1923	31	2004	59793759
1924	32	2004	290570
1925	33	2004	4577457
1926	34	2004	612214
1927	35	2004	2029892
1928	36	2004	3034231
1929	37	2004	7470263
1930	38	2004	67187251
1931	39	2004	3837414
1932	40	2004	2016000
1933	41	2004	3607435
1934	42	2004	47442079
1935	43	2004	4315200
1936	1	2005	434416272
1937	2	2005	494598322
1938	3	2005	328141448
1939	4	2005	10445852
1940	5	2005	7688573
1941	6	2005	10198855
1942	7	2005	5411405
1943	8	2005	82500849
1944	9	2005	1358850
1945	10	2005	4111672
1946	11	2005	10969912
1947	12	2005	43296338
1948	13	2005	62772870
1949	14	2005	4310861
1950	15	2005	57874753
1951	16	2005	733067
1952	17	2005	2249724
1953	18	2005	3355220
1954	19	2005	461230
1955	20	2005	10097549
1956	21	2005	402668
1957	22	2005	16305526
1958	23	2005	8201359
1959	24	2005	38173835
1960	25	2005	10494672
1961	26	2005	21382354
1962	27	2005	1997590
1963	28	2005	5372685
1964	29	2005	5236611
1965	30	2005	9011392
1966	31	2005	60182050
1967	32	2005	293577
1968	33	2005	4606363
1969	34	2005	613420
1970	35	2005	2035196
1971	36	2005	3019634
1972	37	2005	7456050
1973	38	2005	68010221
1974	39	2005	3842532
1975	40	2005	2041000
1976	41	2005	3600436
1977	42	2005	47100462
1978	43	2005	4321500
1979	1	2006	435816236
1980	2	2006	496436597
1981	3	2006	329684938
1982	4	2006	10511382
1983	5	2006	7629371
1984	6	2006	10223577
1985	7	2006	5427459
1986	8	2006	82437995
1987	9	2006	1350700
1988	10	2006	4208156
1989	11	2006	11004716
1990	12	2006	44009971
1991	13	2006	63229635
1992	14	2006	4312487
1993	15	2006	58064214
1994	16	2006	744013
1995	17	2006	2227874
1996	18	2006	3289835
1997	19	2006	469086
1998	20	2006	10076581
1999	21	2006	404999
2000	22	2006	16334210
2001	23	2006	8254298
2002	24	2006	38157055
2003	25	2006	10511988
2004	26	2006	21257016
2005	27	2006	2003358
2006	28	2006	5372928
2007	29	2006	5255580
2008	30	2006	9047752
2009	31	2006	60620361
2010	32	2006	299891
2011	33	2006	4640219
2012	34	2006	613109
2013	35	2006	2038514
2014	36	2006	3003329
2015	37	2006	7425487
2016	38	2006	68860539
2017	39	2006	3842650
2018	40	2006	2100000
2019	41	2006	3589936
2020	42	2006	46749170
2021	43	2006	4401292
2022	1	2007	437227496
2023	2	2007	498300775
2024	3	2007	331204579
2025	4	2007	10584534
2026	5	2007	7572673
2027	6	2007	10254233
2028	7	2007	5447084
2029	8	2007	82314906
2030	9	2007	1342920
2031	10	2007	4340118
2032	11	2007	11036008
2033	12	2007	44784666
2034	13	2007	63645065
2035	14	2007	4313530
2036	15	2007	58223744
2037	16	2007	757916
2038	17	2007	2208840
2039	18	2007	3249983
2040	19	2007	476187
2041	20	2007	10066158
2042	21	2007	405616
2043	22	2007	16357992
2044	23	2007	8282984
2045	24	2007	38125479
2046	25	2007	10532588
2047	26	2007	21130503
2048	27	2007	2010377
2049	28	2007	5373180
2050	29	2007	5276955
2051	30	2007	9113257
2052	31	2007	61073279
2053	32	2007	307672
2054	33	2007	4681134
2055	34	2007	614624
2056	35	2007	2041941
2057	36	2007	2981755
2058	37	2007	7397651
2059	38	2007	69729967
2060	39	2007	3844017
2061	40	2007	2126708
2062	41	2007	3581110
2063	42	2007	46465691
2064	43	2007	4394702
2065	1	2008	438725386
2066	2	2008	500297033
2067	3	2008	333096775
2068	4	2008	10666866
2069	5	2008	7518002
2070	6	2008	10343422
2071	7	2008	5475791
2072	8	2008	82217837
2073	9	2008	1338440
2074	10	2008	4457765
2075	11	2008	11060937
2076	12	2008	45668939
2077	13	2008	64007193
2078	14	2008	4311967
2079	15	2008	58652875
2080	16	2008	776333
2081	17	2008	2191810
2082	18	2008	3212605
2083	19	2008	483799
2084	20	2008	10045401
2085	21	2008	407832
2086	22	2008	16405399
2087	23	2008	8307989
2088	24	2008	38115641
2089	25	2008	10553339
2090	26	2008	20635460
2091	27	2008	2010269
2092	28	2008	5376064
2093	29	2008	5300484
2094	30	2008	9182927
2095	31	2008	61571647
2096	32	2008	315459
2097	33	2008	4737171
2098	34	2008	615543
2099	35	2008	2045177
2100	36	2008	2958266
2101	37	2008	7365507
2102	38	2008	70586256
2103	39	2008	3843846
2104	40	2008	2153139
2105	41	2008	3572703
2106	42	2008	46192309
2107	43	2008	4382070
2108	1	2009	440047892
2109	2	2009	502090235
2110	3	2009	334470255
2111	4	2009	10753080
2112	5	2009	7467119
2113	6	2009	10425783
2114	7	2009	5511451
2115	8	2009	82002356
2116	9	2009	1335740
2117	10	2009	4521322
2118	11	2009	11094745
2119	12	2009	46239273
2120	13	2009	64350226
2121	14	2009	4309796
2122	15	2009	59000586
2123	16	2009	796930
2124	17	2009	2162834
2125	18	2009	3183856
2126	19	2009	493500
2127	20	2009	10030975
2128	21	2009	410926
2129	22	2009	16485787
2130	23	2009	8335003
2131	24	2009	38135876
2132	25	2009	10563014
2133	26	2009	20440290
2134	27	2009	2032362
2135	28	2009	5382401
2136	29	2009	5326314
2137	30	2009	9256347
2138	31	2009	62042343
2139	32	2009	319368
2140	33	2009	4799252
2141	34	2009	617157
2142	35	2009	2048619
2143	36	2009	2936355
2144	37	2009	7334937
2145	38	2009	71517100
2146	39	2009	3843998
2147	40	2009	2180686
2148	41	2009	3567512
2149	42	2009	45963359
2150	43	2009	4385429
2151	1	2010	440660421
2152	2	2010	503170618
2153	3	2010	335266424
2154	4	2010	10839905
2155	5	2010	7421766
2156	6	2010	10462088
2157	7	2010	5534738
2158	8	2010	81802257
2159	9	2010	1333290
2160	10	2010	4549428
2161	11	2010	11119289
2162	12	2010	46486619
2163	13	2010	64658856
2164	14	2010	4302847
2165	15	2010	59190143
2166	16	2010	819140
2167	17	2010	2120504
2168	18	2010	3141976
2169	19	2010	502066
2170	20	2010	10014324
2171	21	2010	414027
2172	22	2010	16574989
2173	23	2010	8351643
2174	24	2010	38022869
2175	25	2010	10573479
2176	26	2010	20294683
2177	27	2010	2046976
2178	28	2010	5390410
2179	29	2010	5351427
2180	30	2010	9340682
2181	31	2010	62510197
2182	32	2010	317630
2183	33	2010	4858199
2184	34	2010	619001
2185	35	2010	2052722
2186	36	2010	2918674
2187	37	2010	7306677
2188	38	2010	72561312
2189	39	2010	3844046
2190	40	2010	2208107
2191	41	2010	3563695
2192	42	2010	45782592
2193	43	2010	4436391
2194	1	2011	439942305
2195	2	2011	502964837
2196	3	2011	334572589
2197	4	2011	11000638
2198	5	2011	7369431
2199	6	2011	10486731
2200	7	2011	5560628
2201	8	2011	80222065
2202	9	2011	1329660
2203	10	2011	4570881
2204	11	2011	11123392
2205	12	2011	46667174
2206	13	2011	64978721
2207	14	2011	4289857
2208	15	2011	59364690
2209	16	2011	839751
2210	17	2011	2074605
2211	18	2011	3052588
2212	19	2011	511840
2213	20	2011	9985722
2214	21	2011	414989
2215	22	2011	16655799
2216	23	2011	8375164
2217	24	2011	38062718
2218	25	2011	10572721
2219	26	2011	20199059
2220	27	2011	2050189
2221	28	2011	5392446
2222	29	2011	5375276
2223	30	2011	9415570
2224	31	2011	63022532
2225	32	2011	318452
2226	33	2011	4920305
2227	34	2011	619850
2228	35	2011	2057284
2229	36	2011	2907361
2230	37	2011	7251549
2231	38	2011	73722988
2232	39	2011	3843183
2233	40	2011	1794180
2234	41	2011	3560430
2235	42	2011	45598179
2236	43	2011	4469250
2237	1	2012	440552661
2238	2	2012	504047749
2239	3	2012	335288924
2240	4	2012	11075889
2241	5	2012	7327224
2242	6	2012	10505445
2243	7	2012	5580516
2244	8	2012	80327900
2245	9	2012	1325217
2246	10	2012	4589287
2247	11	2012	11086406
2248	12	2012	46818219
2249	13	2012	65276983
2250	14	2012	4275984
2251	15	2012	59394207
2252	16	2012	862011
2253	17	2012	2044813
2254	18	2012	3003641
2255	19	2012	524853
2256	20	2012	9931925
2257	21	2012	417546
2258	22	2012	16730348
2259	23	2012	8408121
2260	24	2012	38063792
2261	25	2012	10542398
2262	26	2012	20095996
2263	27	2012	2055496
2264	28	2012	5404322
2265	29	2012	5401267
2266	30	2012	9482855
2267	31	2012	63495088
2268	32	2012	319575
2269	33	2012	4985870
2270	34	2012	620308
2271	35	2012	2059794
2272	36	2012	2903008
2273	37	2012	7216649
2274	38	2012	74724269
2275	39	2012	3839265
2276	40	2012	1780021
2277	41	2012	3559541
2278	42	2012	45453282
2279	43	2012	4497617
2280	1	2013	441257711
2281	2	2013	505163053
2282	3	2013	336044966
2283	4	2013	11137974
2284	5	2013	7284552
2285	6	2013	10516125
2286	7	2013	5602628
2287	8	2013	80523746
2288	9	2013	1320174
2289	10	2013	4609779
2290	11	2013	11003615
2291	12	2013	46727890
2292	13	2013	65600350
2293	14	2013	4262140
2294	15	2013	59685227
2295	16	2013	865878
2296	17	2013	2023825
2297	18	2013	2971905
2298	19	2013	537039
2299	20	2013	9908798
2300	21	2013	422509
2301	22	2013	16779575
2302	23	2013	8451860
2303	24	2013	38062535
2304	25	2013	10487289
2305	26	2013	20020074
2306	27	2013	2058821
2307	28	2013	5410836
2308	29	2013	5426674
2309	30	2013	9555893
2310	31	2013	63905342
2311	32	2013	321857
2312	33	2013	5051275
2313	34	2013	620893
2314	35	2013	2062294
2315	36	2013	2897770
2316	37	2013	7181505
2317	38	2013	75627384
2318	39	2013	3835645
2319	40	2013	1815606
2320	41	2013	3559497
2321	42	2013	45372692
2322	43	2013	0
2323	1	2014	442883888
2324	2	2014	507235091
2325	3	2014	337764352
2326	4	2014	11180840
2327	5	2014	7245677
2328	6	2014	10512419
2329	7	2014	5627235
2330	8	2014	80767463
2331	9	2014	1315819
2332	10	2014	4637852
2333	11	2014	10926807
2334	12	2014	46512199
2335	13	2014	66165980
2336	14	2014	4246809
2337	15	2014	60782668
2338	16	2014	858000
2339	17	2014	2001468
2340	18	2014	2943472
2341	19	2014	549680
2342	20	2014	9877365
2343	21	2014	429424
2344	22	2014	16829289
2345	23	2014	8507786
2346	24	2014	38017856
2347	25	2014	10427301
2348	26	2014	19947311
2349	27	2014	2061085
2350	28	2014	5415949
2351	29	2014	5451270
2352	30	2014	9644864
2353	31	2014	64351203
2354	32	2014	325671
2355	33	2014	5107970
2356	34	2014	621521
2357	35	2014	2065769
2358	36	2014	2892394
2359	37	2014	7146759
2360	38	2014	76667864
2361	39	2014	3830911
2362	40	2014	1820631
2363	41	2014	3557634
2364	42	2014	45245894
2365	43	2014	4490498
2366	1	2015	443666812
2367	2	2015	508520205
2368	3	2015	338562121
2369	4	2015	11237274
2370	5	2015	7202198
2371	6	2015	10538275
2372	7	2015	5659715
2373	8	2015	81197537
2374	9	2015	1314870
2375	10	2015	4677627
2376	11	2015	10858018
2377	12	2015	46449565
2378	13	2015	66458153
2379	14	2015	4225316
2380	15	2015	60795612
2381	16	2015	847008
2382	17	2015	1986096
2383	18	2015	2921262
2384	19	2015	562958
2385	20	2015	9855571
2386	21	2015	439691
2387	22	2015	16900726
2388	23	2015	8584926
2389	24	2015	38005614
2390	25	2015	10374822
2391	26	2015	19870647
2392	27	2015	2062874
2393	28	2015	5421349
2394	29	2015	5471753
2395	30	2015	9747355
2396	31	2015	64853393
2397	32	2015	329100
2398	33	2015	5166493
2399	34	2015	622099
2400	35	2015	2069172
2401	36	2015	2885796
2402	37	2015	7114393
2403	38	2015	77695904
2404	39	2015	3825334
2405	40	2015	1804944
2406	41	2015	3555159
2407	42	2015	42759661
2408	43	2015	3729500
2409	1	2016	444802830
2410	2	2016	510181874
2411	3	2016	339787987
2412	4	2016	11311117
2413	5	2016	7153784
2414	6	2016	10553843
2415	7	2016	5707251
2416	8	2016	82175684
2417	9	2016	1315944
2418	10	2016	4726286
2419	11	2016	10783748
2420	12	2016	46440099
2421	13	2016	66638391
2422	14	2016	4190669
2423	15	2016	60665551
2424	16	2016	848319
2425	17	2016	1968957
2426	18	2016	2888558
2427	19	2016	576249
2428	20	2016	9830485
2429	21	2016	450415
2430	22	2016	16979120
2431	23	2016	8700471
2432	24	2016	37967209
2433	25	2016	10341330
2434	26	2016	19760585
2435	27	2016	2064188
2436	28	2016	5426252
2437	29	2016	5487308
2438	30	2016	9851017
2439	31	2016	65379044
2440	32	2016	332529
2441	33	2016	5210721
2442	34	2016	622218
2443	35	2016	2071278
2444	36	2016	2875592
2445	37	2016	7076372
2446	38	2016	78741053
2447	39	2016	3515982
2448	40	2016	1771604
2449	41	2016	3553056
2450	42	2016	42590879
2451	43	2016	3720400
2452	1	2017	445534430
2453	2	2017	511378572
2454	3	2017	340541142
2455	4	2017	11351727
2456	5	2017	7101859
2457	6	2017	10578820
2458	7	2017	5748769
2459	8	2017	82521653
2460	9	2017	1315635
2461	10	2017	4784383
2462	11	2017	10768193
2463	12	2017	46528024
2464	13	2017	66809816
2465	14	2017	4154213
2466	15	2017	60589445
2467	16	2017	854802
2468	17	2017	1950116
2469	18	2017	2847904
2470	19	2017	590667
2471	20	2017	9797561
2472	21	2017	460297
2473	22	2017	17081507
2474	23	2017	8772865
2475	24	2017	37972964
2476	25	2017	10309573
2477	26	2017	19643949
2478	27	2017	2065895
2479	28	2017	5435343
2480	29	2017	5503297
2481	30	2017	9995153
2482	31	2017	65844142
2483	32	2017	338349
2484	33	2017	5258317
2485	34	2017	622387
2486	35	2017	2073702
2487	36	2017	2876591
2488	37	2017	7040272
2489	38	2017	79814871
2490	39	2017	3509728
2491	40	2017	1783531
2492	41	2017	3550852
2493	42	2017	42414905
2494	43	2017	3726374
2495	1	2018	446098424
2496	2	2018	512372000
2497	3	2018	341145721
2498	4	2018	11398589
2499	5	2018	7050034
2500	6	2018	10610055
2501	7	2018	5781190
2502	8	2018	82792351
2503	9	2018	1319133
2504	10	2018	4830392
2505	11	2018	10741165
2506	12	2018	46658447
2507	13	2018	66918941
2508	14	2018	4105493
2509	15	2018	60483973
2510	16	2018	864236
2511	17	2018	1934379
2512	18	2018	2808901
2513	19	2018	602005
2514	20	2018	9778371
2515	21	2018	475701
2516	22	2018	17181084
2517	23	2018	8822267
2518	24	2018	37976687
2519	25	2018	10291027
2520	26	2018	19530631
2521	27	2018	2066880
2522	28	2018	5443120
2523	29	2018	5513130
2524	30	2018	10120242
2525	31	2018	66273576
2526	32	2018	348450
2527	33	2018	5295619
2528	34	2018	622359
2529	35	2018	2075301
2530	36	2018	2870324
2531	37	2018	7001444
2532	38	2018	80810525
2533	39	2018	3500295
2534	40	2018	1798506
2535	41	2018	3547539
2536	42	2018	42216766
2537	43	2018	3729633
2538	1	2019	446824564
2539	2	2019	513471676
2540	3	2019	341902187
2541	4	2019	11455519
2542	5	2019	7000039
2543	6	2019	10649800
2544	7	2019	5806081
2545	8	2019	83019213
2546	9	2019	1324820
2547	10	2019	4904240
2548	11	2019	10724599
2549	12	2019	46937060
2550	13	2019	67012883
2551	14	2019	4076246
2552	15	2019	60359546
2553	16	2019	875899
2554	17	2019	1919968
2555	18	2019	2794184
2556	19	2019	613894
2557	20	2019	9772756
2558	21	2019	493559
2559	22	2019	17282163
2560	23	2019	8858775
2561	24	2019	37972812
2562	25	2019	10276617
2563	26	2019	19414458
2564	27	2019	2080908
2565	28	2019	5450421
2566	29	2019	5517919
2567	30	2019	10230185
2568	31	2019	66647112
2569	32	2019	356991
2570	33	2019	5328212
2571	34	2019	622182
2572	35	2019	2077132
2573	36	2019	2862427
2574	37	2019	6963764
2575	38	2019	82003882
2576	39	2019	3492018
2577	40	2019	1795666
2578	41	2019	0
2579	42	2019	41983564
2580	43	2019	3723464
2581	1	2020	447706209
2582	2	2020	0
2583	3	2020	342806623
2584	4	2020	11549888
2585	5	2020	6951482
2586	6	2020	10693939
2587	7	2020	5822763
2588	8	2020	83166711
2589	9	2020	1328976
2590	10	2020	4963839
2591	11	2020	10709739
2592	12	2020	47329981
2593	13	2020	67098824
2594	14	2020	4058165
2595	15	2020	60244639
2596	16	2020	888005
2597	17	2020	1907675
2598	18	2020	2794090
2599	19	2020	626108
2600	20	2020	9769526
2601	21	2020	514564
2602	22	2020	17407585
2603	23	2020	8901064
2604	24	2020	37958138
2605	25	2020	10295909
2606	26	2020	19317984
2607	27	2020	2095861
2608	28	2020	5457873
2609	29	2020	5525292
2610	30	2020	10327589
2611	31	2020	67025542
2612	32	2020	364134
2613	33	2020	5367580
2614	34	2020	621873
2615	35	2020	2076255
2616	36	2020	2845955
2617	37	2020	6926705
2618	38	2020	83154997
2619	39	2020	0
2620	40	2020	1782115
2621	41	2020	0
2622	42	2020	41732779
2623	43	2020	3716858
